<?xml version="1.0" encoding="UTF-8" standalone="yes"?>
<addon id="ftkodirepo" name="FT Kodi Repository" version="1.0.0" provider-name="fullopt">
    <extension point="xbmc.addon.repository" name="Example Repository">
        <dir>
            <info compressed="false">https://raw.githubusercontent.com/fullopt/ftkodirepo/master/repo/zips/addons.xml</info>
            <checksum>https://raw.githubusercontent.com/fullopt/ftkodirepo/master/repo/zips/addons.xml.md5</checksum>
            <datadir zip="true">https://raw.githubusercontent.com/fullopt/ftkodirepo/master/repo/zips/</datadir>
        </dir>
    </extension>
    <extension point="xbmc.addon.metadata">
        <summary>FT Kodi Repository</summary>
        <description>FT Kodi Repository</description>
        <disclaimer></disclaimer>
        <platform>all</platform>
        <assets>
            <icon>icon.png</icon>
            <fanart>fanart.jpg</fanart>
        </assets>
    </extension>
</addon>